{"cameraMode":{"drawMode":0,"name":"Shaded","section":"Shading Mode"},"sceneLighting":false,"audioPlay":false,"sceneViewState":{"showFog":true,"showMaterialUpdate":false,"showSkybox":true,"showFlares":true,"showImageEffects":true,"showParticleSystems":true},"in2DMode":false,"pivot":{"x":0.5475794672966003,"y":0.24206455051898957,"z":0.29659131169319155},"rotation":{"x":-0.03808366134762764,"y":0.9548140168190002,"z":-0.14021572470664979,"w":-0.25932207703590395},"size":2.0717408657073976,"orthographic":false}