{"cameraMode":{"drawMode":0,"name":"Shaded","section":"Shading Mode"},"sceneLighting":false,"audioPlay":false,"sceneViewState":{"showFog":true,"showMaterialUpdate":false,"showSkybox":true,"showFlares":true,"showImageEffects":true,"showParticleSystems":true},"in2DMode":false,"pivot":{"x":0.0,"y":4.202000617980957,"z":-10.15999984741211},"rotation":{"x":0.28242185711860659,"y":-0.05608992651104927,"z":0.016531862318515779,"w":0.9575543999671936},"size":19.623010635375978,"orthographic":false}